date,category,sales,units
2024-01-01,Electronics,217.88,2
2024-01-01,Clothing,97.51,1
2024-01-01,Home,167.49,2
2024-01-01,Books,63.71,2
2024-01-02,Electronics,191.57,1
2024-01-02,Clothing,95.79,1
2024-01-02,Home,192.64,2
2024-01-02,Books,56.91,2
2024-01-03,Electronics,183.1,1
2024-01-03,Clothing,109.77,2
2024-01-03,Home,137.49,1
2024-01-03,Books,45.81,1
2024-01-04,Electronics,208.71,2
2024-01-04,Clothing,65.56,1
2024-01-04,Home,103.43,1
2024-01-04,Books,44.94,1
2024-01-05,Electronics,163.54,1
2024-01-05,Clothing,105.66,2
2024-01-05,Home,125.48,1
2024-01-05,Books,37.29,1
2024-01-06,Electronics,252.76,2
2024-01-06,Clothing,95.94,1
2024-01-06,Home,151.82,2
2024-01-06,Books,37.18,1
2024-01-07,Electronics,180.4,1
2024-01-07,Clothing,102.0,2
2024-01-07,Home,118.92,1
2024-01-07,Books,53.38,2
2024-01-08,Electronics,178.38,1
2024-01-08,Clothing,94.75,1
2024-01-08,Home,133.75,1
2024-01-08,Books,66.67,2
2024-01-09,Electronics,199.51,1
2024-01-09,Clothing,80.96,1
2024-01-09,Home,172.21,2
2024-01-09,Books,39.01,1
2024-01-10,Electronics,207.52,2
2024-01-10,Clothing,64.73,1
2024-01-10,Home,114.14,1
2024-01-10,Books,51.77,2
2024-01-11,Electronics,226.58,2
2024-01-11,Clothing,103.08,2
2024-01-11,Home,146.88,1
2024-01-11,Books,47.29,1
2024-01-12,Electronics,146.77,1
2024-01-12,Clothing,87.04,1
2024-01-12,Home,137.56,1
2024-01-12,Books,59.51,2
2024-01-13,Electronics,212.37,2
2024-01-13,Clothing,68.27,1
2024-01-13,Home,158.75,2
2024-01-13,Books,46.53,1
2024-01-14,Electronics,175.63,1
2024-01-14,Clothing,111.01,2
2024-01-14,Home,177.84,2
2024-01-14,Books,58.38,2
2024-01-15,Electronics,169.79,1
2024-01-15,Clothing,94.43,1
2024-01-15,Home,158.94,2
2024-01-15,Books,58.78,2
2024-01-16,Electronics,182.75,1
2024-01-16,Clothing,96.66,1
2024-01-16,Home,120.13,1
2024-01-16,Books,39.23,1
2024-01-17,Electronics,229.25,2
2024-01-17,Clothing,124.41,2
2024-01-17,Home,148.06,1
2024-01-17,Books,59.03,2
2024-01-18,Electronics,213.02,2
2024-01-18,Clothing,88.39,1
2024-01-18,Home,159.76,2
2024-01-18,Books,63.84,2
2024-01-19,Electronics,198.71,1
2024-01-19,Clothing,128.16,2
2024-01-19,Home,79.27,1
2024-01-19,Books,57.4,2
2024-01-20,Electronics,203.13,2
2024-01-20,Clothing,94.62,1
2024-01-20,Home,152.48,2
2024-01-20,Books,32.11,1
2024-01-21,Electronics,192.09,1
2024-01-21,Clothing,106.43,2
2024-01-21,Home,189.9,2
2024-01-21,Books,45.34,1
2024-01-22,Electronics,170.89,1
2024-01-22,Clothing,90.97,1
2024-01-22,Home,174.72,2
2024-01-22,Books,52.96,2
2024-01-23,Electronics,180.93,1
2024-01-23,Clothing,109.24,2
2024-01-23,Home,152.62,2
2024-01-23,Books,58.72,2
2024-01-24,Electronics,174.73,1
2024-01-24,Clothing,94.1,1
2024-01-24,Home,139.41,1
2024-01-24,Books,36.83,1
2024-01-25,Electronics,210.66,2
2024-01-25,Clothing,104.7,2
2024-01-25,Home,150.14,2
2024-01-25,Books,47.89,1
2024-01-26,Electronics,149.05,1
2024-01-26,Clothing,92.43,1
2024-01-26,Home,140.75,1
2024-01-26,Books,42.78,1
2024-01-27,Electronics,194.19,1
2024-01-27,Clothing,107.27,2
2024-01-27,Home,200.93,2
2024-01-27,Books,51.57,2
2024-01-28,Electronics,209.27,2
2024-01-28,Clothing,98.66,1
2024-01-28,Home,98.19,1
2024-01-28,Books,49.76,1
2024-01-29,Electronics,202.17,2
2024-01-29,Clothing,144.34,2
2024-01-29,Home,144.81,1
2024-01-29,Books,52.71,2
2024-01-30,Electronics,198.75,1
2024-01-30,Clothing,78.96,1
2024-01-30,Home,180.86,2
2024-01-30,Books,56.77,2
2024-01-31,Electronics,228.48,2
2024-01-31,Clothing,83.63,1
2024-01-31,Home,187.88,2
2024-01-31,Books,37.38,1
2024-02-01,Electronics,221.13,2
2024-02-01,Clothing,139.43,2
2024-02-01,Home,123.26,1
2024-02-01,Books,44.9,1
2024-02-02,Electronics,203.59,2
2024-02-02,Clothing,90.94,1
2024-02-02,Home,108.13,1
2024-02-02,Books,50.62,2
2024-02-03,Electronics,161.76,1
2024-02-03,Clothing,108.52,2
2024-02-03,Home,125.18,1
2024-02-03,Books,63.95,2
2024-02-04,Electronics,171.8,1
2024-02-04,Clothing,94.2,1
2024-02-04,Home,171.96,2
2024-02-04,Books,38.92,1
2024-02-05,Electronics,208.19,2
2024-02-05,Clothing,123.53,2
2024-02-05,Home,106.6,1
2024-02-05,Books,51.66,2
2024-02-06,Electronics,209.36,2
2024-02-06,Clothing,114.07,2
2024-02-06,Home,116.6,1
2024-02-06,Books,38.12,1
2024-02-07,Electronics,218.79,2
2024-02-07,Clothing,105.35,2
2024-02-07,Home,156.76,2
2024-02-07,Books,53.12,2
2024-02-08,Electronics,175.52,1
2024-02-08,Clothing,104.18,2
2024-02-08,Home,157.91,2
2024-02-08,Books,43.57,1
2024-02-09,Electronics,267.17,2
2024-02-09,Clothing,108.53,2
2024-02-09,Home,117.83,1
2024-02-09,Books,55.91,2
2024-02-10,Electronics,164.91,1
2024-02-10,Clothing,114.17,2
2024-02-10,Home,181.28,2
2024-02-10,Books,42.61,1
2024-02-11,Electronics,234.68,2
2024-02-11,Clothing,107.43,2
2024-02-11,Home,172.2,2
2024-02-11,Books,67.07,2
2024-02-12,Electronics,191.17,1
2024-02-12,Clothing,86.43,1
2024-02-12,Home,125.98,1
2024-02-12,Books,42.66,1
2024-02-13,Electronics,197.22,1
2024-02-13,Clothing,106.14,2
2024-02-13,Home,157.47,2
2024-02-13,Books,57.44,2
2024-02-14,Electronics,200.47,2
2024-02-14,Clothing,126.16,2
2024-02-14,Home,142.85,1
2024-02-14,Books,74.48,2
2024-02-15,Electronics,222.52,2
2024-02-15,Clothing,84.57,1
2024-02-15,Home,121.09,1
2024-02-15,Books,54.34,2
2024-02-16,Electronics,191.96,1
2024-02-16,Clothing,112.85,2
2024-02-16,Home,162.78,2
2024-02-16,Books,49.34,1
2024-02-17,Electronics,169.52,1
2024-02-17,Clothing,72.73,1
2024-02-17,Home,137.94,1
2024-02-17,Books,57.71,2
2024-02-18,Electronics,207.71,2
2024-02-18,Clothing,77.58,1
2024-02-18,Home,154.68,2
2024-02-18,Books,53.47,2
2024-02-19,Electronics,168.18,1
2024-02-19,Clothing,102.77,2
2024-02-19,Home,151.57,2
2024-02-19,Books,39.71,1
2024-02-20,Electronics,212.88,2
2024-02-20,Clothing,110.09,2
2024-02-20,Home,179.24,2
2024-02-20,Books,59.48,2
2024-02-21,Electronics,150.4,1
2024-02-21,Clothing,83.12,1
2024-02-21,Home,163.91,2
2024-02-21,Books,54.62,2
2024-02-22,Electronics,218.54,2
2024-02-22,Clothing,169.35,3
2024-02-22,Home,165.41,2
2024-02-22,Books,60.22,2
2024-02-23,Electronics,234.34,2
2024-02-23,Clothing,111.73,2
2024-02-23,Home,141.49,1
2024-02-23,Books,56.83,2
2024-02-24,Electronics,172.18,1
2024-02-24,Clothing,95.74,1
2024-02-24,Home,136.9,1
2024-02-24,Books,50.74,2
2024-02-25,Electronics,283.33,2
2024-02-25,Clothing,66.39,1
2024-02-25,Home,168.53,2
2024-02-25,Books,35.49,1
2024-02-26,Electronics,183.01,1
2024-02-26,Clothing,119.6,2
2024-02-26,Home,151.74,2
2024-02-26,Books,40.3,1
2024-02-27,Electronics,174.25,1
2024-02-27,Clothing,112.23,2
2024-02-27,Home,130.28,1
2024-02-27,Books,51.95,2
2024-02-28,Electronics,201.64,2
2024-02-28,Clothing,88.27,1
2024-02-28,Home,207.89,2
2024-02-28,Books,55.71,2
2024-02-29,Electronics,127.09,1
2024-02-29,Clothing,103.36,2
2024-02-29,Home,132.13,1
2024-02-29,Books,57.67,2
2024-03-01,Electronics,171.47,1
2024-03-01,Clothing,97.93,1
2024-03-01,Home,163.63,2
2024-03-01,Books,57.79,2
2024-03-02,Electronics,156.79,1
2024-03-02,Clothing,93.98,1
2024-03-02,Home,137.18,1
2024-03-02,Books,44.12,1
2024-03-03,Electronics,263.56,2
2024-03-03,Clothing,107.29,2
2024-03-03,Home,115.96,1
2024-03-03,Books,58.26,2
2024-03-04,Electronics,276.4,2
2024-03-04,Clothing,118.58,2
2024-03-04,Home,108.98,1
2024-03-04,Books,45.64,1
2024-03-05,Electronics,245.61,2
2024-03-05,Clothing,87.26,1
2024-03-05,Home,161.98,2
2024-03-05,Books,56.97,2
2024-03-06,Electronics,166.63,1
2024-03-06,Clothing,98.93,1
2024-03-06,Home,62.49,1
2024-03-06,Books,40.78,1
2024-03-07,Electronics,190.91,1
2024-03-07,Clothing,77.54,1
2024-03-07,Home,194.08,2
2024-03-07,Books,37.13,1
2024-03-08,Electronics,184.16,1
2024-03-08,Clothing,102.35,2
2024-03-08,Home,188.91,2
2024-03-08,Books,37.08,1
2024-03-09,Electronics,241.87,2
2024-03-09,Clothing,100.18,2
2024-03-09,Home,123.5,1
2024-03-09,Books,54.16,2
2024-03-10,Electronics,207.17,2
2024-03-10,Clothing,89.2,1
2024-03-10,Home,151.88,2
2024-03-10,Books,46.53,1
2024-03-11,Electronics,204.09,2
2024-03-11,Clothing,111.92,2
2024-03-11,Home,192.82,2
2024-03-11,Books,38.86,1
2024-03-12,Electronics,276.79,2
2024-03-12,Clothing,64.86,1
2024-03-12,Home,145.9,1
2024-03-12,Books,55.29,2
2024-03-13,Electronics,210.12,2
2024-03-13,Clothing,88.79,1
2024-03-13,Home,144.38,1
2024-03-13,Books,45.56,1
2024-03-14,Electronics,178.78,1
2024-03-14,Clothing,115.29,2
2024-03-14,Home,159.64,2
2024-03-14,Books,43.76,1
2024-03-15,Electronics,232.39,2
2024-03-15,Clothing,105.53,2
2024-03-15,Home,171.95,2
2024-03-15,Books,55.67,2
2024-03-16,Electronics,170.16,1
2024-03-16,Clothing,89.92,1
2024-03-16,Home,170.18,2
2024-03-16,Books,55.49,2
2024-03-17,Electronics,199.25,1
2024-03-17,Clothing,102.11,2
2024-03-17,Home,184.5,2
2024-03-17,Books,44.68,1
2024-03-18,Electronics,219.7,2
2024-03-18,Clothing,96.36,1
2024-03-18,Home,144.12,1
2024-03-18,Books,59.89,2
2024-03-19,Electronics,229.71,2
2024-03-19,Clothing,114.64,2
2024-03-19,Home,185.25,2
2024-03-19,Books,50.19,2
2024-03-20,Electronics,224.55,2
2024-03-20,Clothing,94.42,1
2024-03-20,Home,158.75,2
2024-03-20,Books,48.83,1
2024-03-21,Electronics,203.49,2
2024-03-21,Clothing,110.71,2
2024-03-21,Home,127.91,1
2024-03-21,Books,68.83,2
2024-03-22,Electronics,163.78,1
2024-03-22,Clothing,78.14,1
2024-03-22,Home,181.27,2
2024-03-22,Books,57.12,2
2024-03-23,Electronics,222.47,2
2024-03-23,Clothing,111.31,2
2024-03-23,Home,149.67,1
2024-03-23,Books,41.92,1
2024-03-24,Electronics,202.73,2
2024-03-24,Clothing,87.81,1
2024-03-24,Home,176.33,2
2024-03-24,Books,48.68,1
2024-03-25,Electronics,170.28,1
2024-03-25,Clothing,94.22,1
2024-03-25,Home,161.15,2
2024-03-25,Books,44.93,1
2024-03-26,Electronics,170.4,1
2024-03-26,Clothing,104.39,2
2024-03-26,Home,156.61,2
2024-03-26,Books,45.44,1
2024-03-27,Electronics,183.04,1
2024-03-27,Clothing,104.18,2
2024-03-27,Home,110.9,1
2024-03-27,Books,37.33,1
2024-03-28,Electronics,174.14,1
2024-03-28,Clothing,96.16,1
2024-03-28,Home,158.39,2
2024-03-28,Books,63.28,2
2024-03-29,Electronics,230.88,2
2024-03-29,Clothing,97.12,1
2024-03-29,Home,149.49,1
2024-03-29,Books,40.98,1
2024-03-30,Electronics,199.33,1
2024-03-30,Clothing,94.8,1
2024-03-30,Home,158.71,2
2024-03-30,Books,42.55,1
2024-03-31,Electronics,218.7,2
2024-03-31,Clothing,127.59,2
2024-03-31,Home,147.06,1
2024-03-31,Books,53.62,2
2024-04-01,Electronics,224.85,2
2024-04-01,Clothing,92.78,1
2024-04-01,Home,156.05,2
2024-04-01,Books,50.11,2
2024-04-02,Electronics,203.52,2
2024-04-02,Clothing,86.09,1
2024-04-02,Home,150.66,2
2024-04-02,Books,54.48,2
2024-04-03,Electronics,252.24,2
2024-04-03,Clothing,117.27,2
2024-04-03,Home,208.14,2
2024-04-03,Books,43.09,1
2024-04-04,Electronics,231.4,2
2024-04-04,Clothing,103.3,2
2024-04-04,Home,209.12,2
2024-04-04,Books,42.73,1
2024-04-05,Electronics,169.77,1
2024-04-05,Clothing,89.21,1
2024-04-05,Home,92.65,1
2024-04-05,Books,45.27,1
2024-04-06,Electronics,172.67,1
2024-04-06,Clothing,102.71,2
2024-04-06,Home,159.23,2
2024-04-06,Books,66.89,2
2024-04-07,Electronics,234.22,2
2024-04-07,Clothing,89.62,1
2024-04-07,Home,125.74,1
2024-04-07,Books,54.43,2
2024-04-08,Electronics,152.47,1
2024-04-08,Clothing,132.97,2
2024-04-08,Home,181.84,2
2024-04-08,Books,45.78,1
2024-04-09,Electronics,138.33,1
2024-04-09,Clothing,124.37,2
2024-04-09,Home,146.91,1
2024-04-09,Books,61.14,2
2024-04-10,Electronics,142.6,1
2024-04-10,Clothing,89.21,1
2024-04-10,Home,150.14,2
2024-04-10,Books,50.42,2
2024-04-11,Electronics,183.8,1
2024-04-11,Clothing,111.21,2
2024-04-11,Home,121.17,1
2024-04-11,Books,48.72,1
2024-04-12,Electronics,204.33,2
2024-04-12,Clothing,109.26,2
2024-04-12,Home,169.21,2
2024-04-12,Books,39.88,1
2024-04-13,Electronics,144.77,1
2024-04-13,Clothing,123.0,2
2024-04-13,Home,158.97,2
2024-04-13,Books,43.26,1
2024-04-14,Electronics,255.84,2
2024-04-14,Clothing,102.08,2
2024-04-14,Home,181.84,2
2024-04-14,Books,50.61,2
2024-04-15,Electronics,274.19,2
2024-04-15,Clothing,131.6,2
2024-04-15,Home,143.28,1
2024-04-15,Books,58.74,2
2024-04-16,Electronics,223.23,2
2024-04-16,Clothing,124.64,2
2024-04-16,Home,123.95,1
2024-04-16,Books,56.17,2
2024-04-17,Electronics,238.1,2
2024-04-17,Clothing,68.34,1
2024-04-17,Home,118.05,1
2024-04-17,Books,31.65,1
2024-04-18,Electronics,190.3,1
2024-04-18,Clothing,112.92,2
2024-04-18,Home,190.56,2
2024-04-18,Books,50.67,2
2024-04-19,Electronics,258.63,2
2024-04-19,Clothing,75.16,1
2024-04-19,Home,104.01,1
2024-04-19,Books,49.5,1
2024-04-20,Electronics,213.83,2
2024-04-20,Clothing,99.41,1
2024-04-20,Home,94.18,1
2024-04-20,Books,49.2,1
2024-04-21,Electronics,153.04,1
2024-04-21,Clothing,112.05,2
2024-04-21,Home,159.9,2
2024-04-21,Books,41.54,1
2024-04-22,Electronics,181.5,1
2024-04-22,Clothing,80.93,1
2024-04-22,Home,148.31,1
2024-04-22,Books,58.6,2
2024-04-23,Electronics,164.51,1
2024-04-23,Clothing,109.07,2
2024-04-23,Home,135.68,1
2024-04-23,Books,42.86,1
2024-04-24,Electronics,196.15,1
2024-04-24,Clothing,81.37,1
2024-04-24,Home,135.05,1
2024-04-24,Books,39.22,1
2024-04-25,Electronics,270.73,2
2024-04-25,Clothing,100.63,2
2024-04-25,Home,131.11,1
2024-04-25,Books,51.93,2
2024-04-26,Electronics,195.96,1
2024-04-26,Clothing,96.02,1
2024-04-26,Home,166.58,2
2024-04-26,Books,56.82,2
2024-04-27,Electronics,180.9,1
2024-04-27,Clothing,89.64,1
2024-04-27,Home,142.57,1
2024-04-27,Books,29.28,1
2024-04-28,Electronics,145.45,1
2024-04-28,Clothing,124.6,2
2024-04-28,Home,194.41,2
2024-04-28,Books,47.76,1
2024-04-29,Electronics,220.76,2
2024-04-29,Clothing,105.6,2
2024-04-29,Home,233.13,3
2024-04-29,Books,60.08,2
2024-04-30,Electronics,195.39,1
2024-04-30,Clothing,82.8,1
2024-04-30,Home,106.63,1
2024-04-30,Books,51.83,2
2024-05-01,Electronics,172.77,1
2024-05-01,Clothing,74.4,1
2024-05-01,Home,132.54,1
2024-05-01,Books,40.27,1
2024-05-02,Electronics,260.74,2
2024-05-02,Clothing,115.87,2
2024-05-02,Home,149.78,1
2024-05-02,Books,63.32,2
2024-05-03,Electronics,202.79,2
2024-05-03,Clothing,84.5,1
2024-05-03,Home,191.12,2
2024-05-03,Books,54.85,2
2024-05-04,Electronics,162.66,1
2024-05-04,Clothing,96.57,1
2024-05-04,Home,126.36,1
2024-05-04,Books,37.55,1
2024-05-05,Electronics,233.34,2
2024-05-05,Clothing,134.37,2
2024-05-05,Home,112.24,1
2024-05-05,Books,55.07,2
2024-05-06,Electronics,176.58,1
2024-05-06,Clothing,91.23,1
2024-05-06,Home,134.01,1
2024-05-06,Books,42.22,1
2024-05-07,Electronics,201.75,2
2024-05-07,Clothing,85.04,1
2024-05-07,Home,157.3,2
2024-05-07,Books,49.55,1
2024-05-08,Electronics,191.4,1
2024-05-08,Clothing,83.66,1
2024-05-08,Home,134.43,1
2024-05-08,Books,56.8,2
2024-05-09,Electronics,218.03,2
2024-05-09,Clothing,82.4,1
2024-05-09,Home,152.68,2
2024-05-09,Books,56.76,2
2024-05-10,Electronics,139.9,1
2024-05-10,Clothing,109.78,2
2024-05-10,Home,132.11,1
2024-05-10,Books,55.14,2
2024-05-11,Electronics,172.52,1
2024-05-11,Clothing,67.51,1
2024-05-11,Home,106.06,1
2024-05-11,Books,50.43,2
2024-05-12,Electronics,209.35,2
2024-05-12,Clothing,83.72,1
2024-05-12,Home,167.24,2
2024-05-12,Books,35.05,1
2024-05-13,Electronics,197.62,1
2024-05-13,Clothing,78.2,1
2024-05-13,Home,132.4,1
2024-05-13,Books,50.43,2
2024-05-14,Electronics,169.03,1
2024-05-14,Clothing,93.08,1
2024-05-14,Home,177.17,2
2024-05-14,Books,44.81,1
2024-05-15,Electronics,230.08,2
2024-05-15,Clothing,79.67,1
2024-05-15,Home,164.3,2
2024-05-15,Books,62.97,2
2024-05-16,Electronics,111.02,1
2024-05-16,Clothing,85.66,1
2024-05-16,Home,165.58,2
2024-05-16,Books,48.17,1
2024-05-17,Electronics,213.36,2
2024-05-17,Clothing,89.13,1
2024-05-17,Home,152.34,2
2024-05-17,Books,48.6,1
2024-05-18,Electronics,242.04,2
2024-05-18,Clothing,104.58,2
2024-05-18,Home,159.12,2
2024-05-18,Books,46.29,1
2024-05-19,Electronics,182.45,1
2024-05-19,Clothing,92.21,1
2024-05-19,Home,160.65,2
2024-05-19,Books,46.21,1
2024-05-20,Electronics,210.43,2
2024-05-20,Clothing,137.36,2
2024-05-20,Home,173.52,2
2024-05-20,Books,47.07,1
2024-05-21,Electronics,243.24,2
2024-05-21,Clothing,92.65,1
2024-05-21,Home,94.97,1
2024-05-21,Books,40.93,1
2024-05-22,Electronics,132.65,1
2024-05-22,Clothing,93.67,1
2024-05-22,Home,150.5,2
2024-05-22,Books,65.09,2
2024-05-23,Electronics,211.77,2
2024-05-23,Clothing,96.06,1
2024-05-23,Home,172.39,2
2024-05-23,Books,30.1,1
2024-05-24,Electronics,208.48,2
2024-05-24,Clothing,113.88,2
2024-05-24,Home,110.08,1
2024-05-24,Books,60.29,2
2024-05-25,Electronics,212.19,2
2024-05-25,Clothing,92.52,1
2024-05-25,Home,167.09,2
2024-05-25,Books,70.44,2
2024-05-26,Electronics,206.55,2
2024-05-26,Clothing,104.47,2
2024-05-26,Home,137.6,1
2024-05-26,Books,42.35,1
2024-05-27,Electronics,229.89,2
2024-05-27,Clothing,84.59,1
2024-05-27,Home,151.93,2
2024-05-27,Books,45.7,1
2024-05-28,Electronics,217.24,2
2024-05-28,Clothing,106.01,2
2024-05-28,Home,178.01,2
2024-05-28,Books,45.41,1
2024-05-29,Electronics,190.28,1
2024-05-29,Clothing,82.38,1
2024-05-29,Home,138.0,1
2024-05-29,Books,53.4,2
2024-05-30,Electronics,227.25,2
2024-05-30,Clothing,83.4,1
2024-05-30,Home,173.48,2
2024-05-30,Books,62.2,2
2024-05-31,Electronics,214.88,2
2024-05-31,Clothing,133.78,2
2024-05-31,Home,129.11,1
2024-05-31,Books,38.8,1
2024-06-01,Electronics,135.97,1
2024-06-01,Clothing,126.93,2
2024-06-01,Home,167.67,2
2024-06-01,Books,49.5,1
2024-06-02,Electronics,210.08,2
2024-06-02,Clothing,79.74,1
2024-06-02,Home,216.04,2
2024-06-02,Books,51.16,2
2024-06-03,Electronics,203.94,2
2024-06-03,Clothing,113.06,2
2024-06-03,Home,162.99,2
2024-06-03,Books,52.01,2
2024-06-04,Electronics,171.54,1
2024-06-04,Clothing,108.49,2
2024-06-04,Home,200.81,2
2024-06-04,Books,62.11,2
2024-06-05,Electronics,257.35,2
2024-06-05,Clothing,90.8,1
2024-06-05,Home,123.28,1
2024-06-05,Books,48.87,1
2024-06-06,Electronics,202.01,2
2024-06-06,Clothing,119.7,2
2024-06-06,Home,104.3,1
2024-06-06,Books,63.77,2
2024-06-07,Electronics,194.31,1
2024-06-07,Clothing,92.32,1
2024-06-07,Home,122.67,1
2024-06-07,Books,35.11,1
2024-06-08,Electronics,229.63,2
2024-06-08,Clothing,101.32,2
2024-06-08,Home,115.17,1
2024-06-08,Books,38.34,1
2024-06-09,Electronics,187.91,1
2024-06-09,Clothing,130.04,2
2024-06-09,Home,142.99,1
2024-06-09,Books,36.47,1
2024-06-10,Electronics,191.15,1
2024-06-10,Clothing,95.09,1
2024-06-10,Home,77.18,1
2024-06-10,Books,49.51,1
2024-06-11,Electronics,191.69,1
2024-06-11,Clothing,112.53,2
2024-06-11,Home,199.92,2
2024-06-11,Books,60.14,2
2024-06-12,Electronics,190.32,1
2024-06-12,Clothing,80.08,1
2024-06-12,Home,219.48,2
2024-06-12,Books,50.53,2
2024-06-13,Electronics,200.5,2
2024-06-13,Clothing,99.57,1
2024-06-13,Home,155.35,2
2024-06-13,Books,48.7,1
2024-06-14,Electronics,179.35,1
2024-06-14,Clothing,90.16,1
2024-06-14,Home,149.12,1
2024-06-14,Books,45.11,1
2024-06-15,Electronics,174.34,1
2024-06-15,Clothing,101.92,2
2024-06-15,Home,143.12,1
2024-06-15,Books,63.54,2
2024-06-16,Electronics,104.57,1
2024-06-16,Clothing,119.65,2
2024-06-16,Home,183.64,2
2024-06-16,Books,31.34,1
2024-06-17,Electronics,187.66,1
2024-06-17,Clothing,93.31,1
2024-06-17,Home,112.0,1
2024-06-17,Books,43.0,1
2024-06-18,Electronics,160.02,1
2024-06-18,Clothing,131.54,2
2024-06-18,Home,175.26,2
2024-06-18,Books,61.44,2
2024-06-19,Electronics,225.98,2
2024-06-19,Clothing,79.68,1
2024-06-19,Home,135.84,1
2024-06-19,Books,54.4,2
2024-06-20,Electronics,156.0,1
2024-06-20,Clothing,112.83,2
2024-06-20,Home,143.51,1
2024-06-20,Books,46.63,1
2024-06-21,Electronics,225.59,2
2024-06-21,Clothing,108.0,2
2024-06-21,Home,140.25,1
2024-06-21,Books,60.43,2
2024-06-22,Electronics,161.08,1
2024-06-22,Clothing,111.09,2
2024-06-22,Home,166.01,2
2024-06-22,Books,47.21,1
2024-06-23,Electronics,211.74,2
2024-06-23,Clothing,77.48,1
2024-06-23,Home,174.95,2
2024-06-23,Books,48.34,1
2024-06-24,Electronics,181.18,1
2024-06-24,Clothing,118.88,2
2024-06-24,Home,130.98,1
2024-06-24,Books,37.32,1
2024-06-25,Electronics,143.96,1
2024-06-25,Clothing,110.91,2
2024-06-25,Home,115.43,1
2024-06-25,Books,65.79,2
2024-06-26,Electronics,125.05,1
2024-06-26,Clothing,130.54,2
2024-06-26,Home,155.7,2
2024-06-26,Books,49.13,1
2024-06-27,Electronics,180.38,1
2024-06-27,Clothing,107.18,2
2024-06-27,Home,148.98,1
2024-06-27,Books,59.93,2
2024-06-28,Electronics,204.11,2
2024-06-28,Clothing,102.71,2
2024-06-28,Home,140.18,1
2024-06-28,Books,49.49,1
2024-06-29,Electronics,211.08,2
2024-06-29,Clothing,69.22,1
2024-06-29,Home,113.6,1
2024-06-29,Books,56.69,2
2024-06-30,Electronics,206.15,2
2024-06-30,Clothing,96.69,1
2024-06-30,Home,150.5,2
2024-06-30,Books,53.13,2
2024-07-01,Electronics,180.57,1
2024-07-01,Clothing,85.99,1
2024-07-01,Home,155.29,2
2024-07-01,Books,41.19,1
2024-07-02,Electronics,214.7,2
2024-07-02,Clothing,69.35,1
2024-07-02,Home,177.79,2
2024-07-02,Books,54.25,2
2024-07-03,Electronics,209.22,2
2024-07-03,Clothing,117.69,2
2024-07-03,Home,194.97,2
2024-07-03,Books,59.13,2
2024-07-04,Electronics,133.73,1
2024-07-04,Clothing,76.97,1
2024-07-04,Home,133.13,1
2024-07-04,Books,50.23,2
2024-07-05,Electronics,218.64,2
2024-07-05,Clothing,86.94,1
2024-07-05,Home,155.04,2
2024-07-05,Books,43.2,1
2024-07-06,Electronics,177.99,1
2024-07-06,Clothing,74.68,1
2024-07-06,Home,125.07,1
2024-07-06,Books,37.83,1
2024-07-07,Electronics,164.87,1
2024-07-07,Clothing,118.97,2
2024-07-07,Home,124.37,1
2024-07-07,Books,73.69,2
2024-07-08,Electronics,217.76,2
2024-07-08,Clothing,103.33,2
2024-07-08,Home,126.82,1
2024-07-08,Books,56.3,2
2024-07-09,Electronics,179.28,1
2024-07-09,Clothing,102.2,2
2024-07-09,Home,219.12,2
2024-07-09,Books,49.14,1
2024-07-10,Electronics,241.37,2
2024-07-10,Clothing,87.34,1
2024-07-10,Home,149.06,1
2024-07-10,Books,65.94,2
2024-07-11,Electronics,177.43,1
2024-07-11,Clothing,132.62,2
2024-07-11,Home,169.11,2
2024-07-11,Books,44.94,1
2024-07-12,Electronics,222.77,2
2024-07-12,Clothing,117.51,2
2024-07-12,Home,166.79,2
2024-07-12,Books,35.87,1
2024-07-13,Electronics,173.82,1
2024-07-13,Clothing,95.54,1
2024-07-13,Home,147.99,1
2024-07-13,Books,55.59,2
2024-07-14,Electronics,206.4,2
2024-07-14,Clothing,75.96,1
2024-07-14,Home,160.27,2
2024-07-14,Books,55.5,2
2024-07-15,Electronics,220.15,2
2024-07-15,Clothing,119.45,2
2024-07-15,Home,172.52,2
2024-07-15,Books,54.13,2
2024-07-16,Electronics,197.47,1
2024-07-16,Clothing,70.1,1
2024-07-16,Home,161.6,2
2024-07-16,Books,51.87,2
2024-07-17,Electronics,209.78,2
2024-07-17,Clothing,77.02,1
2024-07-17,Home,120.81,1
2024-07-17,Books,59.48,2
2024-07-18,Electronics,198.58,1
2024-07-18,Clothing,112.27,2
2024-07-18,Home,150.76,2
2024-07-18,Books,50.27,2
2024-07-19,Electronics,233.78,2
2024-07-19,Clothing,90.71,1
2024-07-19,Home,152.6,2
2024-07-19,Books,45.84,1
2024-07-20,Electronics,184.36,1
2024-07-20,Clothing,94.43,1
2024-07-20,Home,156.0,2
2024-07-20,Books,45.69,1
2024-07-21,Electronics,245.21,2
2024-07-21,Clothing,83.9,1
2024-07-21,Home,144.95,1
2024-07-21,Books,46.04,1
2024-07-22,Electronics,252.09,2
2024-07-22,Clothing,103.54,2
2024-07-22,Home,177.86,2
2024-07-22,Books,36.63,1
2024-07-23,Electronics,209.61,2
2024-07-23,Clothing,116.01,2
2024-07-23,Home,152.22,2
2024-07-23,Books,59.59,2
2024-07-24,Electronics,181.38,1
2024-07-24,Clothing,125.37,2
2024-07-24,Home,212.07,2
2024-07-24,Books,46.73,1
2024-07-25,Electronics,183.96,1
2024-07-25,Clothing,126.16,2
2024-07-25,Home,192.65,2
2024-07-25,Books,45.29,1
2024-07-26,Electronics,184.87,1
2024-07-26,Clothing,94.93,1
2024-07-26,Home,113.7,1
2024-07-26,Books,41.73,1
2024-07-27,Electronics,163.85,1
2024-07-27,Clothing,86.18,1
2024-07-27,Home,149.06,1
2024-07-27,Books,52.11,2
2024-07-28,Electronics,255.82,2
2024-07-28,Clothing,82.03,1
2024-07-28,Home,176.58,2
2024-07-28,Books,48.07,1
2024-07-29,Electronics,198.22,1
2024-07-29,Clothing,112.15,2
2024-07-29,Home,119.69,1
2024-07-29,Books,53.44,2
2024-07-30,Electronics,205.99,2
2024-07-30,Clothing,108.86,2
2024-07-30,Home,157.81,2
2024-07-30,Books,72.1,2
2024-07-31,Electronics,177.04,1
2024-07-31,Clothing,90.44,1
2024-07-31,Home,133.18,1
2024-07-31,Books,45.0,1
2024-08-01,Electronics,177.05,1
2024-08-01,Clothing,121.4,2
2024-08-01,Home,188.35,2
2024-08-01,Books,44.86,1
2024-08-02,Electronics,170.04,1
2024-08-02,Clothing,108.49,2
2024-08-02,Home,135.09,1
2024-08-02,Books,55.7,2
2024-08-03,Electronics,207.31,2
2024-08-03,Clothing,72.72,1
2024-08-03,Home,191.78,2
2024-08-03,Books,66.16,2
2024-08-04,Electronics,177.94,1
2024-08-04,Clothing,93.02,1
2024-08-04,Home,157.72,2
2024-08-04,Books,53.01,2
2024-08-05,Electronics,223.71,2
2024-08-05,Clothing,136.18,2
2024-08-05,Home,145.22,1
2024-08-05,Books,42.82,1
2024-08-06,Electronics,150.34,1
2024-08-06,Clothing,86.84,1
2024-08-06,Home,149.11,1
2024-08-06,Books,66.15,2
2024-08-07,Electronics,181.37,1
2024-08-07,Clothing,104.03,2
2024-08-07,Home,149.56,1
2024-08-07,Books,60.7,2
2024-08-08,Electronics,290.97,2
2024-08-08,Clothing,90.44,1
2024-08-08,Home,136.79,1
2024-08-08,Books,59.4,2
2024-08-09,Electronics,224.55,2
2024-08-09,Clothing,133.24,2
2024-08-09,Home,165.77,2
2024-08-09,Books,46.77,1
2024-08-10,Electronics,221.26,2
2024-08-10,Clothing,119.96,2
2024-08-10,Home,172.15,2
2024-08-10,Books,54.57,2
2024-08-11,Electronics,238.4,2
2024-08-11,Clothing,121.05,2
2024-08-11,Home,187.32,2
2024-08-11,Books,55.84,2
2024-08-12,Electronics,193.98,1
2024-08-12,Clothing,102.64,2
2024-08-12,Home,182.58,2
2024-08-12,Books,42.65,1
2024-08-13,Electronics,213.27,2
2024-08-13,Clothing,92.92,1
2024-08-13,Home,150.78,2
2024-08-13,Books,61.51,2
2024-08-14,Electronics,206.88,2
2024-08-14,Clothing,100.84,2
2024-08-14,Home,113.28,1
2024-08-14,Books,56.72,2
2024-08-15,Electronics,223.24,2
2024-08-15,Clothing,138.94,2
2024-08-15,Home,141.69,1
2024-08-15,Books,51.97,2
2024-08-16,Electronics,208.98,2
2024-08-16,Clothing,128.39,2
2024-08-16,Home,147.43,1
2024-08-16,Books,52.51,2
2024-08-17,Electronics,221.88,2
2024-08-17,Clothing,103.36,2
2024-08-17,Home,137.95,1
2024-08-17,Books,51.75,2
2024-08-18,Electronics,238.65,2
2024-08-18,Clothing,81.52,1
2024-08-18,Home,153.59,2
2024-08-18,Books,43.7,1
2024-08-19,Electronics,243.02,2
2024-08-19,Clothing,72.58,1
2024-08-19,Home,134.91,1
2024-08-19,Books,53.39,2
2024-08-20,Electronics,256.36,2
2024-08-20,Clothing,98.82,1
2024-08-20,Home,135.01,1
2024-08-20,Books,66.93,2
2024-08-21,Electronics,147.87,1
2024-08-21,Clothing,60.42,1
2024-08-21,Home,161.88,2
2024-08-21,Books,45.48,1
2024-08-22,Electronics,163.24,1
2024-08-22,Clothing,112.75,2
2024-08-22,Home,156.58,2
2024-08-22,Books,44.92,1
2024-08-23,Electronics,153.91,1
2024-08-23,Clothing,115.7,2
2024-08-23,Home,167.56,2
2024-08-23,Books,49.11,1
2024-08-24,Electronics,266.48,2
2024-08-24,Clothing,80.74,1
2024-08-24,Home,108.81,1
2024-08-24,Books,43.77,1
2024-08-25,Electronics,198.36,1
2024-08-25,Clothing,104.38,2
2024-08-25,Home,143.49,1
2024-08-25,Books,53.17,2
2024-08-26,Electronics,154.94,1
2024-08-26,Clothing,125.99,2
2024-08-26,Home,147.78,1
2024-08-26,Books,60.06,2
2024-08-27,Electronics,212.34,2
2024-08-27,Clothing,108.22,2
2024-08-27,Home,165.38,2
2024-08-27,Books,54.03,2
2024-08-28,Electronics,223.14,2
2024-08-28,Clothing,123.92,2
2024-08-28,Home,155.31,2
2024-08-28,Books,56.38,2
2024-08-29,Electronics,196.77,1
2024-08-29,Clothing,125.92,2
2024-08-29,Home,131.74,1
2024-08-29,Books,66.21,2
2024-08-30,Electronics,198.55,1
2024-08-30,Clothing,74.25,1
2024-08-30,Home,153.46,2
2024-08-30,Books,43.87,1
2024-08-31,Electronics,230.26,2
2024-08-31,Clothing,88.25,1
2024-08-31,Home,137.95,1
2024-08-31,Books,32.99,1
2024-09-01,Electronics,183.72,1
2024-09-01,Clothing,56.37,1
2024-09-01,Home,107.23,1
2024-09-01,Books,56.84,2
2024-09-02,Electronics,228.29,2
2024-09-02,Clothing,107.66,2
2024-09-02,Home,123.89,1
2024-09-02,Books,49.57,1
2024-09-03,Electronics,199.87,1
2024-09-03,Clothing,79.15,1
2024-09-03,Home,190.59,2
2024-09-03,Books,57.9,2
2024-09-04,Electronics,192.05,1
2024-09-04,Clothing,100.48,2
2024-09-04,Home,155.63,2
2024-09-04,Books,31.62,1
2024-09-05,Electronics,191.1,1
2024-09-05,Clothing,87.72,1
2024-09-05,Home,122.96,1
2024-09-05,Books,47.47,1
2024-09-06,Electronics,264.72,2
2024-09-06,Clothing,111.54,2
2024-09-06,Home,134.58,1
2024-09-06,Books,55.15,2
2024-09-07,Electronics,250.38,2
2024-09-07,Clothing,116.64,2
2024-09-07,Home,151.61,2
2024-09-07,Books,44.18,1
2024-09-08,Electronics,225.14,2
2024-09-08,Clothing,107.08,2
2024-09-08,Home,174.17,2
2024-09-08,Books,55.72,2
2024-09-09,Electronics,237.78,2
2024-09-09,Clothing,90.37,1
2024-09-09,Home,185.57,2
2024-09-09,Books,51.78,2
2024-09-10,Electronics,274.71,2
2024-09-10,Clothing,87.59,1
2024-09-10,Home,196.87,2
2024-09-10,Books,51.78,2
2024-09-11,Electronics,176.55,1
2024-09-11,Clothing,91.29,1
2024-09-11,Home,141.35,1
2024-09-11,Books,53.82,2
2024-09-12,Electronics,218.82,2
2024-09-12,Clothing,89.67,1
2024-09-12,Home,149.34,1
2024-09-12,Books,69.28,2
2024-09-13,Electronics,262.19,2
2024-09-13,Clothing,107.85,2
2024-09-13,Home,151.03,2
2024-09-13,Books,51.08,2
2024-09-14,Electronics,222.09,2
2024-09-14,Clothing,81.59,1
2024-09-14,Home,143.05,1
2024-09-14,Books,34.98,1
2024-09-15,Electronics,214.37,2
2024-09-15,Clothing,111.65,2
2024-09-15,Home,136.95,1
2024-09-15,Books,64.17,2
2024-09-16,Electronics,155.87,1
2024-09-16,Clothing,73.64,1
2024-09-16,Home,156.06,2
2024-09-16,Books,59.42,2
2024-09-17,Electronics,260.62,2
2024-09-17,Clothing,91.74,1
2024-09-17,Home,179.12,2
2024-09-17,Books,49.65,1
2024-09-18,Electronics,193.79,1
2024-09-18,Clothing,115.91,2
2024-09-18,Home,167.61,2
2024-09-18,Books,35.81,1
2024-09-19,Electronics,253.16,2
2024-09-19,Clothing,124.84,2
2024-09-19,Home,133.11,1
2024-09-19,Books,53.56,2
2024-09-20,Electronics,217.79,2
2024-09-20,Clothing,104.69,2
2024-09-20,Home,135.14,1
2024-09-20,Books,43.96,1
2024-09-21,Electronics,199.08,1
2024-09-21,Clothing,121.11,2
2024-09-21,Home,164.68,2
2024-09-21,Books,46.66,1
2024-09-22,Electronics,227.78,2
2024-09-22,Clothing,48.73,1
2024-09-22,Home,181.02,2
2024-09-22,Books,34.34,1
2024-09-23,Electronics,186.95,1
2024-09-23,Clothing,79.85,1
2024-09-23,Home,115.04,1
2024-09-23,Books,60.45,2
2024-09-24,Electronics,183.16,1
2024-09-24,Clothing,106.24,2
2024-09-24,Home,148.73,1
2024-09-24,Books,54.29,2
2024-09-25,Electronics,202.77,2
2024-09-25,Clothing,76.91,1
2024-09-25,Home,176.9,2
2024-09-25,Books,45.56,1
2024-09-26,Electronics,143.96,1
2024-09-26,Clothing,92.29,1
2024-09-26,Home,190.52,2
2024-09-26,Books,57.65,2
2024-09-27,Electronics,187.45,1
2024-09-27,Clothing,93.71,1
2024-09-27,Home,141.32,1
2024-09-27,Books,68.69,2
2024-09-28,Electronics,213.75,2
2024-09-28,Clothing,107.74,2
2024-09-28,Home,177.82,2
2024-09-28,Books,52.15,2
2024-09-29,Electronics,190.67,1
2024-09-29,Clothing,96.47,1
2024-09-29,Home,148.07,1
2024-09-29,Books,49.66,1
2024-09-30,Electronics,226.19,2
2024-09-30,Clothing,100.94,2
2024-09-30,Home,169.78,2
2024-09-30,Books,49.27,1
2024-10-01,Electronics,202.83,2
2024-10-01,Clothing,64.03,1
2024-10-01,Home,174.74,2
2024-10-01,Books,53.12,2
2024-10-02,Electronics,235.93,2
2024-10-02,Clothing,47.87,1
2024-10-02,Home,206.39,2
2024-10-02,Books,48.74,1
2024-10-03,Electronics,239.89,2
2024-10-03,Clothing,81.28,1
2024-10-03,Home,166.54,2
2024-10-03,Books,40.52,1
2024-10-04,Electronics,177.54,1
2024-10-04,Clothing,134.45,2
2024-10-04,Home,144.85,1
2024-10-04,Books,51.96,2
2024-10-05,Electronics,231.32,2
2024-10-05,Clothing,108.92,2
2024-10-05,Home,154.06,2
2024-10-05,Books,53.28,2
2024-10-06,Electronics,286.52,2
2024-10-06,Clothing,98.96,1
2024-10-06,Home,155.43,2
2024-10-06,Books,59.46,2
2024-10-07,Electronics,239.8,2
2024-10-07,Clothing,121.37,2
2024-10-07,Home,167.25,2
2024-10-07,Books,39.71,1
2024-10-08,Electronics,258.8,2
2024-10-08,Clothing,79.37,1
2024-10-08,Home,158.17,2
2024-10-08,Books,43.21,1
2024-10-09,Electronics,197.69,1
2024-10-09,Clothing,105.92,2
2024-10-09,Home,158.68,2
2024-10-09,Books,53.8,2
2024-10-10,Electronics,258.09,2
2024-10-10,Clothing,108.16,2
2024-10-10,Home,143.41,1
2024-10-10,Books,58.68,2
2024-10-11,Electronics,242.82,2
2024-10-11,Clothing,77.9,1
2024-10-11,Home,166.13,2
2024-10-11,Books,56.31,2
2024-10-12,Electronics,189.29,1
2024-10-12,Clothing,124.76,2
2024-10-12,Home,145.95,1
2024-10-12,Books,51.13,2
2024-10-13,Electronics,193.77,1
2024-10-13,Clothing,100.28,2
2024-10-13,Home,120.4,1
2024-10-13,Books,37.04,1
2024-10-14,Electronics,257.4,2
2024-10-14,Clothing,84.75,1
2024-10-14,Home,123.23,1
2024-10-14,Books,30.62,1
2024-10-15,Electronics,177.0,1
2024-10-15,Clothing,76.18,1
2024-10-15,Home,194.33,2
2024-10-15,Books,59.09,2
2024-10-16,Electronics,175.23,1
2024-10-16,Clothing,140.54,2
2024-10-16,Home,176.51,2
2024-10-16,Books,47.08,1
2024-10-17,Electronics,110.02,1
2024-10-17,Clothing,141.24,2
2024-10-17,Home,112.48,1
2024-10-17,Books,35.19,1
2024-10-18,Electronics,236.81,2
2024-10-18,Clothing,143.92,2
2024-10-18,Home,187.38,2
2024-10-18,Books,55.08,2
2024-10-19,Electronics,221.41,2
2024-10-19,Clothing,115.36,2
2024-10-19,Home,170.49,2
2024-10-19,Books,52.53,2
2024-10-20,Electronics,203.75,2
2024-10-20,Clothing,98.87,1
2024-10-20,Home,129.64,1
2024-10-20,Books,47.47,1
2024-10-21,Electronics,139.05,1
2024-10-21,Clothing,98.23,1
2024-10-21,Home,123.31,1
2024-10-21,Books,40.07,1
2024-10-22,Electronics,206.48,2
2024-10-22,Clothing,125.06,2
2024-10-22,Home,174.79,2
2024-10-22,Books,35.87,1
2024-10-23,Electronics,164.37,1
2024-10-23,Clothing,116.93,2
2024-10-23,Home,123.47,1
2024-10-23,Books,47.98,1
2024-10-24,Electronics,219.8,2
2024-10-24,Clothing,82.57,1
2024-10-24,Home,152.85,2
2024-10-24,Books,37.99,1
2024-10-25,Electronics,178.35,1
2024-10-25,Clothing,105.76,2
2024-10-25,Home,106.99,1
2024-10-25,Books,53.96,2
2024-10-26,Electronics,199.29,1
2024-10-26,Clothing,109.94,2
2024-10-26,Home,156.05,2
2024-10-26,Books,62.28,2
2024-10-27,Electronics,204.51,2
2024-10-27,Clothing,92.27,1
2024-10-27,Home,153.3,2
2024-10-27,Books,54.89,2
2024-10-28,Electronics,201.76,2
2024-10-28,Clothing,100.73,2
2024-10-28,Home,131.05,1
2024-10-28,Books,44.03,1
2024-10-29,Electronics,149.51,1
2024-10-29,Clothing,131.49,2
2024-10-29,Home,116.42,1
2024-10-29,Books,43.76,1
2024-10-30,Electronics,174.14,1
2024-10-30,Clothing,116.11,2
2024-10-30,Home,142.04,1
2024-10-30,Books,61.23,2
2024-10-31,Electronics,175.75,1
2024-10-31,Clothing,105.02,2
2024-10-31,Home,127.45,1
2024-10-31,Books,69.31,2
2024-11-01,Electronics,207.25,2
2024-11-01,Clothing,130.58,2
2024-11-01,Home,204.61,2
2024-11-01,Books,66.22,2
2024-11-02,Electronics,243.33,2
2024-11-02,Clothing,122.66,2
2024-11-02,Home,188.68,2
2024-11-02,Books,61.18,2
2024-11-03,Electronics,284.7,2
2024-11-03,Clothing,164.79,3
2024-11-03,Home,172.45,2
2024-11-03,Books,50.17,2
2024-11-04,Electronics,246.82,2
2024-11-04,Clothing,171.43,3
2024-11-04,Home,165.8,2
2024-11-04,Books,77.25,3
2024-11-05,Electronics,310.4,3
2024-11-05,Clothing,115.04,2
2024-11-05,Home,202.86,2
2024-11-05,Books,77.16,3
2024-11-06,Electronics,236.35,2
2024-11-06,Clothing,121.34,2
2024-11-06,Home,171.79,2
2024-11-06,Books,53.37,2
2024-11-07,Electronics,226.63,2
2024-11-07,Clothing,102.97,2
2024-11-07,Home,188.42,2
2024-11-07,Books,55.57,2
2024-11-08,Electronics,258.42,2
2024-11-08,Clothing,96.99,1
2024-11-08,Home,196.43,2
2024-11-08,Books,70.0,2
2024-11-09,Electronics,178.23,1
2024-11-09,Clothing,131.73,2
2024-11-09,Home,220.65,2
2024-11-09,Books,51.61,2
2024-11-10,Electronics,310.21,3
2024-11-10,Clothing,132.54,2
2024-11-10,Home,168.46,2
2024-11-10,Books,62.0,2
2024-11-11,Electronics,270.1,2
2024-11-11,Clothing,126.37,2
2024-11-11,Home,202.05,2
2024-11-11,Books,54.21,2
2024-11-12,Electronics,256.1,2
2024-11-12,Clothing,99.55,1
2024-11-12,Home,184.5,2
2024-11-12,Books,54.36,2
2024-11-13,Electronics,223.52,2
2024-11-13,Clothing,147.25,2
2024-11-13,Home,216.97,2
2024-11-13,Books,67.98,2
2024-11-14,Electronics,210.68,2
2024-11-14,Clothing,119.3,2
2024-11-14,Home,220.25,2
2024-11-14,Books,63.78,2
2024-11-15,Electronics,333.5,3
2024-11-15,Clothing,132.08,2
2024-11-15,Home,192.69,2
2024-11-15,Books,59.72,2
2024-11-16,Electronics,254.81,2
2024-11-16,Clothing,122.26,2
2024-11-16,Home,206.62,2
2024-11-16,Books,71.11,2
2024-11-17,Electronics,221.7,2
2024-11-17,Clothing,101.04,2
2024-11-17,Home,137.92,1
2024-11-17,Books,67.07,2
2024-11-18,Electronics,210.28,2
2024-11-18,Clothing,86.25,1
2024-11-18,Home,197.99,2
2024-11-18,Books,84.94,3
2024-11-19,Electronics,249.78,2
2024-11-19,Clothing,140.09,2
2024-11-19,Home,189.71,2
2024-11-19,Books,61.61,2
2024-11-20,Electronics,283.09,2
2024-11-20,Clothing,119.78,2
2024-11-20,Home,194.72,2
2024-11-20,Books,65.4,2
2024-11-21,Electronics,225.95,2
2024-11-21,Clothing,142.86,2
2024-11-21,Home,182.78,2
2024-11-21,Books,55.7,2
2024-11-22,Electronics,269.31,2
2024-11-22,Clothing,108.83,2
2024-11-22,Home,188.26,2
2024-11-22,Books,62.42,2
2024-11-23,Electronics,289.09,2
2024-11-23,Clothing,133.54,2
2024-11-23,Home,186.82,2
2024-11-23,Books,69.86,2
2024-11-24,Electronics,300.05,3
2024-11-24,Clothing,135.04,2
2024-11-24,Home,187.78,2
2024-11-24,Books,50.69,2
2024-11-25,Electronics,211.66,2
2024-11-25,Clothing,119.51,2
2024-11-25,Home,171.04,2
2024-11-25,Books,60.82,2
2024-11-26,Electronics,252.04,2
2024-11-26,Clothing,134.53,2
2024-11-26,Home,185.6,2
2024-11-26,Books,66.88,2
2024-11-27,Electronics,252.32,2
2024-11-27,Clothing,89.44,1
2024-11-27,Home,162.14,2
2024-11-27,Books,61.2,2
2024-11-28,Electronics,206.45,2
2024-11-28,Clothing,135.8,2
2024-11-28,Home,228.83,3
2024-11-28,Books,73.47,2
2024-11-29,Electronics,242.32,2
2024-11-29,Clothing,151.83,3
2024-11-29,Home,191.51,2
2024-11-29,Books,59.47,2
2024-11-30,Electronics,227.92,2
2024-11-30,Clothing,119.56,2
2024-11-30,Home,177.02,2
2024-11-30,Books,64.03,2
2024-12-01,Electronics,255.78,2
2024-12-01,Clothing,125.05,2
2024-12-01,Home,199.3,2
2024-12-01,Books,73.22,2
2024-12-02,Electronics,284.18,2
2024-12-02,Clothing,98.27,1
2024-12-02,Home,118.54,1
2024-12-02,Books,70.91,2
2024-12-03,Electronics,200.79,2
2024-12-03,Clothing,120.95,2
2024-12-03,Home,155.91,2
2024-12-03,Books,46.28,1
2024-12-04,Electronics,269.49,2
2024-12-04,Clothing,138.66,2
2024-12-04,Home,171.93,2
2024-12-04,Books,39.18,1
2024-12-05,Electronics,230.34,2
2024-12-05,Clothing,132.05,2
2024-12-05,Home,147.57,1
2024-12-05,Books,64.15,2
2024-12-06,Electronics,249.45,2
2024-12-06,Clothing,135.43,2
2024-12-06,Home,190.73,2
2024-12-06,Books,53.74,2
2024-12-07,Electronics,293.08,2
2024-12-07,Clothing,122.15,2
2024-12-07,Home,186.76,2
2024-12-07,Books,54.1,2
2024-12-08,Electronics,234.04,2
2024-12-08,Clothing,109.07,2
2024-12-08,Home,182.83,2
2024-12-08,Books,77.91,3
2024-12-09,Electronics,200.61,2
2024-12-09,Clothing,95.96,1
2024-12-09,Home,227.22,3
2024-12-09,Books,60.62,2
2024-12-10,Electronics,225.91,2
2024-12-10,Clothing,143.72,2
2024-12-10,Home,171.15,2
2024-12-10,Books,78.93,3
2024-12-11,Electronics,274.41,2
2024-12-11,Clothing,116.22,2
2024-12-11,Home,245.75,3
2024-12-11,Books,57.05,2
2024-12-12,Electronics,276.72,2
2024-12-12,Clothing,130.39,2
2024-12-12,Home,222.65,2
2024-12-12,Books,76.55,3
2024-12-13,Electronics,251.15,2
2024-12-13,Clothing,111.44,2
2024-12-13,Home,199.92,2
2024-12-13,Books,56.4,2
2024-12-14,Electronics,322.48,3
2024-12-14,Clothing,127.46,2
2024-12-14,Home,177.64,2
2024-12-14,Books,64.16,2
2024-12-15,Electronics,201.5,2
2024-12-15,Clothing,107.51,2
2024-12-15,Home,219.91,2
2024-12-15,Books,56.59,2
2024-12-16,Electronics,212.31,2
2024-12-16,Clothing,134.66,2
2024-12-16,Home,219.51,2
2024-12-16,Books,68.97,2
2024-12-17,Electronics,285.86,2
2024-12-17,Clothing,111.38,2
2024-12-17,Home,149.11,1
2024-12-17,Books,76.01,3
2024-12-18,Electronics,238.38,2
2024-12-18,Clothing,120.49,2
2024-12-18,Home,223.36,2
2024-12-18,Books,67.51,2
2024-12-19,Electronics,266.41,2
2024-12-19,Clothing,163.97,3
2024-12-19,Home,170.13,2
2024-12-19,Books,70.85,2
2024-12-20,Electronics,252.05,2
2024-12-20,Clothing,129.83,2
2024-12-20,Home,228.77,3
2024-12-20,Books,67.07,2
2024-12-21,Electronics,269.38,2
2024-12-21,Clothing,144.31,2
2024-12-21,Home,177.65,2
2024-12-21,Books,54.95,2
2024-12-22,Electronics,212.39,2
2024-12-22,Clothing,89.61,1
2024-12-22,Home,243.02,3
2024-12-22,Books,52.57,2
2024-12-23,Electronics,242.03,2
2024-12-23,Clothing,120.02,2
2024-12-23,Home,195.8,2
2024-12-23,Books,69.84,2
2024-12-24,Electronics,280.98,2
2024-12-24,Clothing,114.5,2
2024-12-24,Home,182.99,2
2024-12-24,Books,65.04,2
2024-12-25,Electronics,241.05,2
2024-12-25,Clothing,153.93,3
2024-12-25,Home,200.76,2
2024-12-25,Books,69.11,2
2024-12-26,Electronics,273.86,2
2024-12-26,Clothing,146.12,2
2024-12-26,Home,192.39,2
2024-12-26,Books,50.83,2
2024-12-27,Electronics,264.39,2
2024-12-27,Clothing,113.28,2
2024-12-27,Home,173.23,2
2024-12-27,Books,67.78,2
2024-12-28,Electronics,294.58,2
2024-12-28,Clothing,125.38,2
2024-12-28,Home,195.84,2
2024-12-28,Books,77.82,3
2024-12-29,Electronics,258.67,2
2024-12-29,Clothing,171.83,3
2024-12-29,Home,202.77,2
2024-12-29,Books,46.65,1
2024-12-30,Electronics,277.12,2
2024-12-30,Clothing,131.86,2
2024-12-30,Home,222.32,2
2024-12-30,Books,68.56,2
2024-12-31,Electronics,245.02,2
2024-12-31,Clothing,102.96,2
2024-12-31,Home,181.86,2
2024-12-31,Books,54.85,2
